AssessmentQuestionID,AssessmentID,EnrollmentID,PersonalID,AssessmentQuestionGroup,AssessmentQuestionOrder,AssessmentQuestion,AssessmentAnswer,DateCreated,DateUpdated,UserID,DateDeleted,ExportID
"1AS202507310934","AS202507310934","NBN10528644","C26811","1",1,"Woman","0",2026-07-30 14:02:31,2026-07-30 14:02:31,"NBN105U",,"LSAv8TestAug011223"
"2AS202507310934","AS202507310934","NBN10528644","C26811","1",2,"Man","1",2026-07-30 14:02:31,2026-07-30 14:02:31,"NBN105U",,"LSAv8TestAug011223"
"3AS202507310934","AS202507310934","NBN10528644","C26811","1",3,"NonBinary","0",2026-07-30 14:02:31,2026-07-30 14:02:31,"NBN105U",,"LSAv8TestAug011223"
"4AS202507310934","AS202507310934","NBN10528644","C26811","1",4,"CulturallySpecific","0",2026-07-30 14:02:31,2026-07-30 14:02:31,"NBN105U",,"LSAv8TestAug011223"
"5AS202507310934","AS202507310934","NBN10528644","C26811","1",5,"Transgender","1",2026-07-30 14:02:31,2026-07-30 14:02:31,"NBN105U",,"LSAv8TestAug011223"
"6AS202507310934","AS202507310934","NBN10528644","C26811","1",6,"Questioning","0",2026-07-30 14:02:31,2026-07-30 14:02:31,"NBN105U",,"LSAv8TestAug011223"
"7AS202507310934","AS202507310934","NBN10528644","C26811","1",7,"DifferentIdentity","0",2026-07-30 14:02:31,2026-07-30 14:02:31,"NBN105U",,"LSAv8TestAug011223"
"8AS202507310934","AS202507310934","NBN10528644","C26811","1",8,"DifferentIdentityText","",2026-07-30 14:02:31,2026-07-30 14:02:31,"NBN105U",,"LSAv8TestAug011223"
"9AS202507310934","AS202507310934","NBN10528644","C26811","1",9,"GenderNone","",2026-07-30 14:02:31,2026-07-30 14:02:31,"NBN105U",,"LSAv8TestAug011223"
