FunderID,ProjectID,Funder,OtherFunder,GrantID,StartDate,EndDate,DateCreated,DateUpdated,UserID,DateDeleted,ExportID
"FN123456","TRN104",44,,"XX501340OTH",2004-12-29,,2004-12-29 15:43:20,2025-08-04 12:34:56,"HMISAdmin",,"LSAv8TestJul271308"
"FN123457","NXS113",46,"Other or Local","XX501773OTH",2011-07-21,,2011-07-21 09:07:41,2025-08-04 12:34:56,"HMISAdmin",,"LSAv8TestJul271308"
"FN123458","TRN117",23,,"XX501877OTH",2013-06-16,,2013-06-16 15:41:16,2025-08-04 12:34:56,"HMISAdmin",,"LSAv8TestJul271308"
"FN123459","RRH121",54,,"XX5011051OTH",2015-11-05,,2015-11-26 09:58:28,2025-08-04 12:34:56,"HMISAdmin",,"LSAv8TestJul271308"
"FN123460","RRH122",33,,"QCNHSY",2017-08-02,,2017-12-02 08:59:21,2021-09-04 16:09:59,"HMISAdmin",,"LSAv8TestJul271308"
"FN123461","NXS113",8,,"IYJPII",2017-11-04,2020-11-04,2017-12-07 07:50:06,2020-11-12 09:20:00,"HMISAdmin",,"LSAv8TestJul271308"
"FN123462","RRH124",33,,"SGNGUF",2017-08-02,,2017-12-07 08:16:43,2021-09-04 16:10:57,"HMISAdmin",,"LSAv8TestJul271308"
"FN123463","RRH123",55,,"BHZXIL",2017-08-02,,2017-12-14 09:08:11,2021-09-04 16:10:33,"HMISAdmin",,"LSAv8TestJul271308"
"FN123464","RRH121",54,,"STHEBZ",2017-11-04,2019-11-04,2017-12-14 11:16:57,2022-09-16 17:04:03,"HMISAdmin",,"LSAv8TestJul271308"
"FN123465","NXS103",8,,"PQRNGE",2019-11-05,2022-11-04,2017-12-14 11:18:04,2022-11-27 11:38:00,"HMISAdmin",,"LSAv8TestJul271308"
"FN123466","NXS114",8,,"DPYEBO",2018-11-05,2020-11-04,2017-12-21 09:23:18,2022-09-16 17:07:06,"HMISAdmin",,"LSAv8TestJul271308"
"FN123467","NXS128",46,"Other or Local","XX5011210OTH",2017-12-29,2025-08-03,2017-12-29 07:36:32,2025-08-04 12:34:56,"HMISAdmin",,"LSAv8TestJul271308"
"FN123468","NBN105",8,,"EBLAYF",2017-11-04,,2017-12-29 14:27:46,2022-11-27 11:30:14,"HMISAdmin",,"LSAv8TestJul271308"
"FN123469","NXS129",13,,"XX501121213",2018-01-20,,2018-01-20 10:48:36,2018-01-20 10:48:36,"HMISAdmin",,"LSAv8TestJul271308"
"FN123471","RRH126",46,"Other or Local","XX5011215OTH",2017-11-04,,2018-02-18 11:26:58,2025-08-04 12:34:56,"HMISAdmin",,"LSAv8TestJul271308"
"FN123472","NXS128",22,,"YAWYEE",2018-08-04,2021-08-02,2018-03-10 10:53:38,2019-02-13 09:34:46,"HMISAdmin",,"LSAv8TestJul271308"
"FN123474","RRH126",10,,"UFLAQJ",2017-11-04,2019-11-04,2018-04-22 10:12:18,2022-09-16 16:33:10,"HMISAdmin",,"LSAv8TestJul271308"
"FN123475","NXS110",34,,"XGQMRN",2012-08-04,,2018-04-22 10:47:07,2021-09-04 15:49:23,"HMISAdmin",,"LSAv8TestJul271308"
"FN123476","NXS109",8,,"CFKNRV",2020-11-05,,2018-04-22 10:50:58,2020-12-06 09:50:08,"HMISAdmin",,"LSAv8TestJul271308"
"FN123477","TRN118",19,,"EVBBMV",2013-09-18,,2018-04-22 11:47:44,2021-09-04 15:56:16,"HMISAdmin",,"LSAv8TestJul271308"
"FN123478","PSH119",20,,"XCOQWL",2014-11-05,,2018-04-22 11:54:48,2021-09-11 11:35:17,"HMISAdmin",,"LSAv8TestJul271308"
"FN123479","NXS102",34,,"TIEIOG",2018-11-05,2019-11-04,2018-12-09 09:43:18,2018-12-17 10:01:37,"HMISAdmin",,"LSAv8TestJul271308"
"FN123481","NXS130",46,"Other or Local","XX5011310OTH",2019-05-01,2025-08-03,2019-05-01 09:18:54,2025-08-04 12:34:56,"HMISAdmin",,"LSAv8TestJul271308"
"FN123482","NXS130",22,,"HLJFPI",2019-08-04,2022-08-03,2019-05-01 09:18:55,2023-08-16 10:38:30,"HMISAdmin",,"LSAv8TestJul271308"
"FN123483","RRH131",46,"Other or Local","XX5011330OTH",2019-07-20,,2019-07-20 13:18:32,2025-08-04 12:34:56,"HMISAdmin",,"LSAv8TestJul271308"
"FN123484","RRH131",10,,"ZFQJDE",2017-11-04,2019-11-04,2019-07-20 13:18:33,2022-09-16 17:09:58,"HMISAdmin",,"LSAv8TestJul271308"
"FN123485","TRN117",23,,"ZGCDYR",2019-08-04,2022-08-03,2019-09-07 07:31:06,2019-09-07 07:31:06,"HMISAdmin",,"LSAv8TestJul271308"
"FN123486","RRH132",10,,"XX5011343OTH",2019-11-02,,2019-11-02 10:20:16,2025-08-04 12:34:56,"HMISAdmin",,"LSAv8TestJul271308"
"FN123487","RRH132",10,,"LYZKEL",2020-11-05,2021-11-03,2019-11-02 10:21:33,2024-10-13 17:43:37,"HMISAdmin",,"LSAv8TestJul271308"
"FN123488","RRH133",3,,"ZXEVYR",2019-05-05,2020-11-04,2019-11-29 11:54:48,2024-10-13 16:21:03,"HMISAdmin",,"LSAv8TestJul271308"
"FN123489","RRH133",46,"Other or Local","XX5011349OTH",2019-11-29,,2019-11-29 11:54:48,2025-08-04 12:34:56,"HMISAdmin",,"LSAv8TestJul271308"
"FN123491","RRH132",10,,"XFATNJ",2019-11-05,2022-11-04,2020-08-07 08:19:31,2022-11-27 11:29:37,"HMISAdmin",,"LSAv8TestJul271308"
"FN123492","HAV137",38,,"ZBDGQY",2020-08-05,2026-07-20,2020-08-10 11:34:33,2021-09-04 16:24:15,"HMISAdmin",,"LSAv8TestJul271308"
"FN123493","RRH142",46,"Other or Local","XX5011405OTH",2020-11-05,2025-08-03,2020-08-30 10:34:29,2025-08-04 12:34:56,"HMISAdmin",,"LSAv8TestJul271308"
"FN123494","RRH142",10,,"NSDOSN",2020-11-05,2022-11-04,2020-08-30 10:34:30,2022-09-16 17:07:49,"HMISAdmin",,"LSAv8TestJul271308"
"FN123495","NXS116",53,,"PAILKS",2020-11-05,2022-11-04,2020-08-30 10:45:44,2022-11-27 10:58:23,"HMISAdmin",,"LSAv8TestJul271308"
"FN123496","RRH143",46,"Other or Local","XX5011408OTH",2020-11-05,,2020-08-30 12:48:07,2025-08-04 12:34:56,"HMISAdmin",,"LSAv8TestJul271308"
"FN123497","RRH143",10,,"UUHOMC",2020-11-05,2022-11-04,2020-08-30 12:48:08,2022-09-16 16:51:42,"HMISAdmin",,"LSAv8TestJul271308"
"FN123498","NXS111",8,,"VBJBHI",2020-11-05,,2020-08-31 13:49:00,2020-08-31 13:49:00,"HMISAdmin",,"LSAv8TestJul271308"
"FN123499","NXS138",8,,"KRMTLT",2020-11-05,,2020-09-04 10:20:24,2022-09-18 12:23:22,"HMISAdmin",,"LSAv8TestJul271308"
"FN123500","RRH140",46,"Other or Local","XX5011416OTH",2020-10-30,,2020-10-30 15:25:20,2025-08-04 12:34:56,"HMISAdmin",,"LSAv8TestJul271308"
"FN123501","RRH141",46,"Other or Local","XX5011418OTH",2020-11-05,,2020-11-08 15:36:29,2025-08-04 12:34:56,"HMISAdmin",,"LSAv8TestJul271308"
"FN123502","RRH141",10,,"NEAMTR",2020-11-05,2022-11-04,2020-11-08 15:37:50,2022-09-16 16:28:22,"HMISAdmin",,"LSAv8TestJul271308"
"FN123503","TRN104",44,,"UQBZSG",2017-11-04,2020-11-04,2020-11-12 09:18:44,2020-11-12 09:18:44,"HMISAdmin",,"LSAv8TestJul271308"
"FN123504","NXS102",8,,"VGZITZ",2019-11-05,2020-11-04,2020-11-12 09:26:43,2020-11-12 09:26:43,"HMISAdmin",,"LSAv8TestJul271308"
"FN123505","NXS102",34,,"IKJUFD",2020-11-05,2022-11-04,2020-11-12 09:27:14,2022-09-16 16:55:04,"HMISAdmin",,"LSAv8TestJul271308"
"FN123506","NXS108",8,,"EJFCDJ",2019-11-05,2020-11-04,2020-11-12 10:10:08,2020-11-12 10:10:08,"HMISAdmin",,"LSAv8TestJul271308"
"FN123507","NXS108",34,,"EXCIDP",2020-11-05,,2020-11-12 10:10:19,2020-11-12 10:10:19,"HMISAdmin",,"LSAv8TestJul271308"
"FN123508","NXS112",8,,"UPXRPC",2019-11-05,2020-11-04,2020-11-12 10:22:32,2020-11-12 10:22:32,"HMISAdmin",,"LSAv8TestJul271308"
"FN123509","NXS112",34,,"YGKPJX",2020-11-05,,2020-11-12 10:22:42,2020-11-12 10:22:42,"HMISAdmin",,"LSAv8TestJul271308"
"FN123510","RRH140",3,,"QTBMCI",2020-05-05,2021-11-03,2020-12-12 14:58:11,2024-10-13 17:26:02,"HMISAdmin",,"LSAv8TestJul271308"
"FN123511","RRH133",3,,"QDLFQM",2020-11-05,2021-11-03,2021-03-19 07:58:56,2024-10-13 16:20:45,"HMISAdmin",,"LSAv8TestJul271308"
"FN123512","RRH133",3,,"HMDRQV",2021-11-04,2022-11-04,2021-03-19 08:55:16,2024-10-13 16:20:34,"HMISAdmin",,"LSAv8TestJul271308"
"FN123513","RRH140",3,,"WMCZMA",2021-11-04,2022-11-04,2021-03-19 09:33:11,2024-10-13 17:25:44,"HMISAdmin",,"LSAv8TestJul271308"
"FN123514","RRH132",10,,"LPZPXC",2021-11-04,2022-11-04,2021-03-19 09:52:47,2024-10-13 17:43:05,"HMISAdmin",,"LSAv8TestJul271308"
"FN123515","TRN146",37,,"LCSTAV",2021-08-04,,2021-07-15 14:01:16,2021-07-15 14:03:04,"HMISAdmin",,"LSAv8TestJul271308"
"FN123516","NXS128",22,,"IBHSRK",2021-08-03,2024-08-03,2021-09-30 14:46:52,2021-09-30 14:46:52,"HMISAdmin",,"LSAv8TestJul271308"
"FN123517","PSH148",46,"Other or Local","XX5011476OTH",2021-11-04,,2021-10-14 08:41:54,2025-08-04 12:34:56,"HMISAdmin",,"LSAv8TestJul271308"
"FN123518","PSH148",2,,"VRJFOQ",2021-11-04,2022-11-04,2021-10-16 14:23:10,2021-10-16 14:27:27,"HMISAdmin",,"LSAv8TestJul271308"
"FN123519","RRH149",3,,"ZWHZRE",2021-11-04,2022-11-04,2021-12-23 09:24:22,2021-12-23 09:59:53,"HMISAdmin",,"LSAv8TestJul271308"
"FN123520","RRH149",46,"Other or Local","XX5011484OTH",2021-11-04,,2021-12-23 09:24:22,2025-08-04 12:34:56,"HMISAdmin",,"LSAv8TestJul271308"
"FN123521","RSO152",43,,"XX5011492OTH",2022-04-14,,2022-04-14 07:32:23,2025-08-04 12:34:56,"HMISAdmin",,"LSAv8TestJul271308"
"FN123522","RSO152",43,,"YTINZC",2022-11-05,2023-11-04,2022-04-14 07:32:23,2024-10-13 17:37:54,"HMISAdmin",,"LSAv8TestJul271308"
"FN123523","RRH153",46,"Other or Local","XX5011495OTH",2022-07-06,,2022-05-05 10:38:34,2025-08-04 12:34:56,"HMISAdmin",,"LSAv8TestJul271308"
"FN123524","RRH150",46,"Other or Local","XX5011496OTH",2021-11-04,2025-08-03,2022-05-12 14:30:48,2025-08-04 12:34:56,"HMISAdmin",,"LSAv8TestJul271308"
"FN123525","RRH150",10,,"RSTOZA",2021-11-04,2022-11-04,2022-05-12 14:30:48,2022-11-27 11:33:48,"HMISAdmin",,"LSAv8TestJul271308"
"FN123526","RRH153",3,,"QWJCCJ",2022-07-06,2023-07-05,2022-06-26 14:30:01,2024-10-12 12:44:22,"HMISAdmin",,"LSAv8TestJul271308"
"FN123527","OPH115",46,"Not VASH","PYCHGV",2013-08-04,2025-08-03,2022-08-26 14:32:43,2022-08-26 14:32:43,"HMISAdmin",,"LSAv8TestJul271308"
"FN123528","TRN117",23,,"OUZQAX",2022-08-04,2025-08-02,2022-09-03 11:53:36,2022-09-03 11:53:36,"HMISAdmin",,"LSAv8TestJul271308"
"FN123529","RRH141",3,,"DCAMQY",2022-11-05,2024-11-04,2022-09-16 16:31:19,2022-09-16 16:31:19,"HMISAdmin",,"LSAv8TestJul271308"
"FN123530","RRH126",3,,"HCOHWU",2022-11-05,2024-11-04,2022-09-16 16:33:32,2022-09-16 16:33:32,"HMISAdmin",,"LSAv8TestJul271308"
"FN123531","NXS113",8,,"ETLYGG",2022-11-05,2024-11-04,2022-09-16 16:41:16,2022-09-16 16:41:16,"HMISAdmin",,"LSAv8TestJul271308"
"FN123532","RRH132",10,,"PQEOJU",2022-11-05,2024-11-04,2022-09-16 16:48:12,2022-09-16 16:48:12,"HMISAdmin",,"LSAv8TestJul271308"
"FN123533","NXS116",53,,"SISIFR",2022-11-05,2024-11-04,2022-09-16 16:49:09,2022-09-16 16:51:25,"HMISAdmin",,"LSAv8TestJul271308"
"FN123534","RRH143",10,,"PFSVNY",2022-11-05,2024-11-04,2022-09-16 16:52:14,2022-09-16 16:52:14,"HMISAdmin",,"LSAv8TestJul271308"
"FN123535","NXS102",8,,"KNXGVI",2022-11-05,2024-11-04,2022-09-16 16:55:29,2022-09-16 16:55:29,"HMISAdmin",,"LSAv8TestJul271308"
"FN123536","RRH150",10,,"NEISPL",2022-11-05,2024-11-04,2022-09-16 16:56:22,2022-09-16 16:56:22,"HMISAdmin",,"LSAv8TestJul271308"
"FN123537","NXS103",8,,"XJHACW",2022-11-05,2024-11-04,2022-09-16 17:03:25,2022-09-16 17:03:25,"HMISAdmin",,"LSAv8TestJul271308"
"FN123538","RRH121",54,,"UMUZYR",2022-11-05,2024-11-04,2022-09-16 17:04:28,2022-09-16 17:04:28,"HMISAdmin",,"LSAv8TestJul271308"
"FN123539","NXS114",8,,"QZOLWN",2022-11-05,2024-11-04,2022-09-16 17:07:25,2022-09-16 17:07:25,"HMISAdmin",,"LSAv8TestJul271308"
"FN123540","RRH142",10,,"TCQQUX",2022-11-05,2024-11-04,2022-09-16 17:08:12,2022-09-16 17:08:12,"HMISAdmin",,"LSAv8TestJul271308"
"FN123541","RRH131",10,,"LOHRBH",2022-11-05,2024-11-04,2022-09-16 17:10:17,2022-11-27 11:47:15,"HMISAdmin",,"LSAv8TestJul271308"
"FN123542","NXS113",34,,"TSGNHV",2022-11-05,2023-11-04,2022-09-18 11:11:27,2022-09-18 11:13:57,"HMISAdmin",,"LSAv8TestJul271308"
"FN123543","NXS138",8,,"EKTFEP",2022-11-05,2024-11-04,2022-09-18 12:21:40,2022-09-18 12:21:40,"HMISAdmin",,"LSAv8TestJul271308"
"FN123544","NXS138",34,,"LCXRZG",2022-11-05,2023-11-04,2022-09-18 12:25:15,2022-09-18 12:25:15,"HMISAdmin",,"LSAv8TestJul271308"
"FN123545","NBN105",34,,"GSPGKI",2022-11-05,2023-11-04,2022-09-18 12:33:57,2022-09-18 12:33:57,"HMISAdmin",,"LSAv8TestJul271308"
"FN123546","NXS116",53,,"PGFQBM",2022-11-05,2023-11-04,2022-09-18 12:34:34,2022-09-18 12:34:34,"HMISAdmin",,"LSAv8TestJul271308"
"FN123547","NXS102",34,,"JRIRCQ",2022-11-05,2023-11-04,2022-09-18 12:35:05,2022-09-18 12:35:05,"HMISAdmin",,"LSAv8TestJul271308"
"FN123548","NXS114",34,,"JLXOFD",2022-11-05,2023-11-04,2022-09-18 12:35:41,2022-09-18 12:35:41,"HMISAdmin",,"LSAv8TestJul271308"
"FN123549","RRH154",46,"Other or Local","XX5011517OTH",2022-11-05,,2022-11-19 10:37:58,2025-08-04 12:34:56,"HMISAdmin",,"LSAv8TestJul271308"
"FN123550","RRH154",3,,"ECMDMR",2022-11-05,2023-11-04,2022-11-19 10:41:23,2024-10-12 12:40:13,"HMISAdmin",,"LSAv8TestJul271308"
"FN123551","RRH126",3,,"BLWTNC",2021-11-04,2022-11-04,2022-11-27 11:07:06,2022-11-27 11:07:06,"HMISAdmin",,"LSAv8TestJul271308"
"FN123552","NXS125",8,,"RXRCVB",2021-11-04,2025-08-03,2022-11-27 11:30:44,2022-11-27 11:30:44,"HMISAdmin",,"LSAv8TestJul271308"
"FN123553","RRH121",54,,"VYBIXO",2021-11-04,2022-11-04,2022-11-27 11:38:43,2022-11-27 11:38:43,"HMISAdmin",,"LSAv8TestJul271308"
"FN123554","NXS114",8,,"JLSQHD",2021-11-04,2022-11-04,2022-11-27 11:41:32,2022-11-27 11:41:32,"HMISAdmin",,"LSAv8TestJul271308"
"FN123555","RRH131",10,,"PKXYKR",2021-11-04,2022-11-04,2022-11-27 11:47:28,2022-11-27 11:47:28,"HMISAdmin",,"LSAv8TestJul271308"
"FN123556","RRH160",10,,"KNLKHV",2023-01-03,2025-04-01,2023-05-28 15:14:44,2023-08-26 19:12:37,"HMISAdmin",,"LSAv8TestJul271308"
"FN123557","TRN117",24,,"XX50187724",2023-08-05,,2023-08-05 12:34:56,2023-08-05 12:34:56,"HMISAdmin",,"LSAv8TestJul271308"
"FN123558","TRN117",26,,"XX50187726",2023-08-05,,2023-08-05 12:34:56,2023-08-05 12:34:56,"HMISAdmin",,"LSAv8TestJul271308"
"FN123559","TRN118",46,"Benefactor","XX50192748",2023-08-05,2025-04-01,2023-08-05 12:34:56,2023-08-05 12:34:56,"HMISAdmin",,"LSAv8TestJul271308"
"FN123560","HAV137",30,,"XX501139530",2023-08-05,2026-07-20,2023-08-05 12:34:56,2023-08-05 12:34:56,"HMISAdmin",,"LSAv8TestJul271308"
"FN123561","NXS130",22,,"XUQUNO",2022-08-04,2025-08-02,2023-08-16 10:38:55,2024-02-10 14:18:45,"HMISAdmin",,"LSAv8TestJul271308"
"FN123562","RRH162",3,,"SGZUDJ",2023-01-03,2025-05-03,2023-08-23 15:51:54,2023-08-26 19:21:20,"HMISAdmin",,"LSAv8TestJul271308"
"FN123563","RRH158",3,,"GWGUJX",2023-01-03,,2023-08-26 17:12:38,2023-08-26 17:12:38,"HMISAdmin",,"LSAv8TestJul271308"
"FN123564","NXS116",53,,"EAVYZJ",2023-01-03,,2023-08-26 17:27:01,2023-08-26 17:27:01,"HMISAdmin",,"LSAv8TestJul271308"
"FN123565","RRH155",3,,"NIUKEJ",2023-01-03,2025-04-01,2023-08-26 17:45:46,2023-08-26 17:45:46,"HMISAdmin",,"LSAv8TestJul271308"
"FN123566","RRH156",3,,"CTWOQR",2023-01-03,2025-04-01,2023-08-26 18:34:24,2023-08-26 18:34:24,"HMISAdmin",,"LSAv8TestJul271308"
"FN123567","NXS103",7,,"WVIMSQ",2023-01-03,2025-04-01,2023-08-26 18:38:39,2023-08-26 18:38:39,"HMISAdmin",,"LSAv8TestJul271308"
"FN123568","NXS138",46,"Local ES Supporter","UYUTKG",2023-01-03,2025-04-01,2023-08-26 18:40:17,2023-08-26 18:40:17,"HMISAdmin",,"LSAv8TestJul271308"
"FN123569","NXS109",7,,"WLFMIU",2023-01-03,2025-04-01,2023-08-26 18:45:57,2023-08-26 18:45:57,"HMISAdmin",,"LSAv8TestJul271308"
"FN123570","NBN105",46,"Local ES Supporter","IZWKLS",2023-01-03,2025-04-01,2023-08-26 19:00:29,2023-08-26 19:00:29,"HMISAdmin",,"LSAv8TestJul271308"
"FN123571","RRH161",10,,"BYKXMP",2023-01-03,2025-04-01,2023-08-26 19:01:47,2023-08-26 19:01:47,"HMISAdmin",,"LSAv8TestJul271308"
"FN123572","NXS102",46,"Local ES Supporter","IGMKGG",2023-01-03,2025-04-01,2023-08-26 19:03:46,2023-08-26 19:03:46,"HMISAdmin",,"LSAv8TestJul271308"
"FN123573","NXS106",46,"Benefactor","GDJWVG",2023-01-03,2025-04-01,2023-08-26 19:10:27,2023-08-26 19:10:27,"HMISAdmin",,"LSAv8TestJul271308"
"FN123574","RRH159",10,,"EOQOLY",2023-01-03,2025-04-01,2023-08-26 19:11:27,2023-08-26 19:11:27,"HMISAdmin",,"LSAv8TestJul271308"
"FN123575","NXS114",7,,"RBPWBQ",2023-01-03,2025-04-01,2023-08-26 19:13:07,2023-08-26 19:13:07,"HMISAdmin",,"LSAv8TestJul271308"
"FN123576","RRH157",10,,"ZYGOLV",2023-01-03,2025-04-01,2023-08-26 19:14:23,2023-08-26 19:14:23,"HMISAdmin",,"LSAv8TestJul271308"
"FN123578","PSH120",20,,"GKWLKC",2021-11-04,,2023-08-31 08:39:45,2023-08-31 08:39:45,"HMISAdmin",,"LSAv8TestJul271308"
"FN123579","NXS151",34,,"FRWIEG",2021-11-24,,2023-08-31 08:44:36,2023-08-31 08:44:36,"HMISAdmin",,"LSAv8TestJul271308"
"FN123580","TRN104",44,,"OZPSAQ",2020-11-05,2022-11-04,2023-08-31 09:20:01,2023-08-31 09:20:01,"HMISAdmin",,"LSAv8TestJul271308"
"FN123581","TRN104",44,,"MATQDM",2022-11-05,2024-11-04,2023-08-31 09:20:24,2023-08-31 09:20:24,"HMISAdmin",,"LSAv8TestJul271308"
"FN123582","NXS106",8,,"ACMOKK",2020-11-05,2022-11-04,2023-08-31 09:26:00,2023-08-31 09:26:00,"HMISAdmin",,"LSAv8TestJul271308"
"FN123583","NXS106",8,,"EPGUQE",2022-11-05,,2023-08-31 09:26:18,2023-08-31 09:26:18,"HMISAdmin",,"LSAv8TestJul271308"
"FN123584","NXS107",34,,"VQFPNL",2006-06-07,,2023-08-31 09:27:58,2023-08-31 09:27:58,"HMISAdmin",,"LSAv8TestJul271308"
"FN123585","NXS113",8,,"ZBGCTE",2020-11-05,2022-11-04,2023-08-31 09:43:05,2023-08-31 09:43:05,"HMISAdmin",,"LSAv8TestJul271308"
"FN123586","NXS127",34,,"NZUUXD",2017-11-10,,2023-08-31 10:55:03,2023-08-31 10:55:03,"HMISAdmin",,"LSAv8TestJul271308"
"FN123587","OPH136",7,,"MYROYR",2020-05-21,2025-08-03,2023-08-31 12:02:33,2023-08-31 12:02:33,"HMISAdmin",,"LSAv8TestJul271308"
"FN123588","OPH144",34,,"YASAJJ",2020-11-23,2022-11-05,2023-08-31 12:04:34,2024-11-29 11:46:31,"HMISAdmin",,"LSAv8TestJul271308"
"FN123589","OPH145",34,,"EIPZZK",2021-08-04,2025-08-03,2023-08-31 12:06:31,2023-08-31 12:06:31,"HMISAdmin",,"LSAv8TestJul271308"
"FN123590","NXS147",34,,"EPZXRG",2021-10-02,,2023-08-31 12:06:57,2023-08-31 12:06:57,"HMISAdmin",,"LSAv8TestJul271308"
"FN123591","RRH133",3,,"KVNRMK",2022-11-05,2023-11-04,2023-08-31 12:50:17,2024-10-13 16:20:14,"HMISAdmin",,"LSAv8TestJul271308"
"FN123592","RRH133",3,,"YILTAK",2023-11-05,2024-11-04,2023-08-31 12:50:32,2024-10-13 16:20:03,"HMISAdmin",,"LSAv8TestJul271308"
"FN123593","RRH140",3,,"UIEXZY",2022-11-05,2023-11-04,2023-08-31 12:54:43,2024-10-13 17:25:21,"HMISAdmin",,"LSAv8TestJul271308"
"FN123594","RRH140",3,,"UKBWUO",2023-11-05,2024-11-04,2023-08-31 12:55:04,2024-10-13 17:25:04,"HMISAdmin",,"LSAv8TestJul271308"
"FN123595","OPH163",42,,"YXXODO",2023-08-05,2025-08-03,2023-09-01 08:40:50,2023-09-01 08:40:50,"HMISAdmin",,"LSAv8TestJul271308"
"FN123596","NXS135",46,"Benefactor","PJHEVT",2023-01-03,2025-04-01,2023-10-27 17:41:03,2023-10-27 17:41:03,"HMISAdmin",,"LSAv8TestJul271308"
"FN123597","NXS135",8,,"SSKYFF",2020-01-24,,2023-10-27 17:41:24,2023-10-27 17:41:24,"HMISAdmin",,"LSAv8TestJul271308"
"FN123598","PSH164",15,,"IAHERD",2023-11-05,2025-05-03,2023-11-24 15:35:34,2024-10-12 14:50:12,"HMISAdmin",,"LSAv8TestJul271308"
"FN123599","PSH164",15,,"XX5011625OTH",2023-11-24,,2023-11-24 15:35:34,2025-08-04 12:34:56,"HMISAdmin",,"LSAv8TestJul271308"
"FN123600","TRN166",5,,"WAGQQZ",2024-03-11,2025-08-03,2024-03-11 15:43:52,2024-09-23 17:14:26,"HMISAdmin",,"LSAv8TestJul271308"
"FN123601","HAV167",46,"Local SH Advocate","WPSFBY",2024-06-05,2025-08-03,2024-07-06 10:37:23,2024-10-17 17:54:15,"HMISAdmin",,"LSAv8TestJul271308"
"FN123602","PSH165",2,,"INVSPZ",2023-12-10,,2024-09-23 15:58:16,2024-09-23 15:58:16,"HMISAdmin",,"LSAv8TestJul271308"
"FN123603","PSH148",2,,"ATBLUO",2022-11-05,2023-11-04,2024-09-23 16:14:55,2024-10-12 11:08:28,"HMISAdmin",,"LSAv8TestJul271308"
"FN123604","PSH148",2,,"MNZSLJ",2023-11-05,2024-11-04,2024-09-23 16:15:09,2024-10-12 11:08:38,"HMISAdmin",,"LSAv8TestJul271308"
"FN123605","RRH149",3,,"CHVRJX",2022-11-05,2023-11-04,2024-09-23 16:16:10,2024-10-12 11:03:15,"HMISAdmin",,"LSAv8TestJul271308"
"FN123606","RRH149",3,,"ESPLJO",2023-11-05,2024-11-04,2024-09-23 16:16:25,2024-10-12 11:03:09,"HMISAdmin",,"LSAv8TestJul271308"
"FN123607","RRH132",10,,"LPYAIN",2022-11-05,2023-11-04,2024-10-07 17:03:26,2024-10-13 17:42:52,"HMISAdmin",,"LSAv8TestJul271308"
"FN123608","RRH132",10,,"QOHOQR",2023-11-05,2024-11-04,2024-10-07 17:04:14,2024-10-13 17:42:38,"HMISAdmin",,"LSAv8TestJul271308"
"FN123609","RRH132",10,,"CFQCVC",2024-11-05,2025-11-03,2024-10-07 17:04:33,2024-10-13 17:42:21,"HMISAdmin",,"LSAv8TestJul271308"
"FN123610","RRH133",3,,"QMLEEM",2024-11-05,2025-11-03,2024-10-11 16:02:48,2024-10-13 16:17:21,"HMISAdmin",,"LSAv8TestJul271308"
"FN123611","RRH140",3,,"SAGWIV",2024-11-05,2025-11-03,2024-10-12 10:36:06,2024-10-13 17:24:32,"HMISAdmin",,"LSAv8TestJul271308"
"FN123612","RSO152",43,,"KOZULH",2023-11-05,2024-11-04,2024-10-12 10:50:04,2024-10-13 17:37:35,"HMISAdmin",,"LSAv8TestJul271308"
"FN123613","RSO152",43,,"MGMNMV",2024-11-05,2025-11-03,2024-10-12 10:50:49,2024-10-13 17:37:23,"HMISAdmin",,"LSAv8TestJul271308"
"FN123614","RSO152",43,,"OWPBUN",2021-11-04,2022-11-04,2024-10-12 10:51:49,2024-10-13 17:38:06,"HMISAdmin",,"LSAv8TestJul271308"
"FN123615","RRH149",3,,"LDSLMI",2024-11-05,2025-11-03,2024-10-12 11:03:39,2024-10-12 11:03:39,"HMISAdmin",,"LSAv8TestJul271308"
"FN123616","PSH148",2,,"RKUICY",2024-11-05,2025-11-03,2024-10-12 11:08:56,2024-10-12 11:08:56,"HMISAdmin",,"LSAv8TestJul271308"
"FN123617","RRH154",3,,"AWQKFW",2023-11-05,2024-11-04,2024-10-12 12:40:28,2024-10-12 12:40:28,"HMISAdmin",,"LSAv8TestJul271308"
"FN123618","RRH154",3,,"LOVIVB",2024-11-05,2025-11-03,2024-10-12 12:40:43,2024-10-12 12:40:43,"HMISAdmin",,"LSAv8TestJul271308"
"FN123619","RRH153",3,,"UXZYHW",2023-07-06,2024-07-05,2024-10-12 12:44:44,2024-10-12 12:44:44,"HMISAdmin",,"LSAv8TestJul271308"
"FN123620","RRH153",3,,"CKANZX",2024-07-06,2025-07-04,2024-10-12 12:45:58,2024-10-12 12:45:58,"HMISAdmin",,"LSAv8TestJul271308"
"FN123621","PSH164",15,,"BMEACZ",2025-05-04,2026-05-04,2024-10-12 14:44:00,2024-10-12 14:50:36,"HMISAdmin",,"LSAv8TestJul271308"
"FN123622","RRH132",10,,"JMNNXW",2019-05-05,2020-11-04,2024-10-13 17:44:25,2024-10-13 17:44:25,"HMISAdmin",,"LSAv8TestJul271308"
"FN123623","RRH149",3,,"RRQXCF",2020-11-05,2021-11-03,2024-10-17 18:45:06,2024-10-17 18:45:06,"HMISAdmin",,"LSAv8TestJul271308"
"FN123624","OPH168",34,,"JRQWRA",2024-01-03,2025-08-03,2025-03-09 09:23:14,2025-03-09 09:23:14,"HMISAdmin",,"LSAv8TestJul271308"
"FN123625","RRH169",46,"Other or Local","PHHYHJ",2023-01-03,,2025-04-03 16:00:46,2025-07-30 12:50:35,"HMISAdmin",,"LSAv8TestJul271308"
"FN123626","RRH170",46,"Other or Local","XJOKIG",2025-04-04,,2025-04-04 10:47:34,2025-07-30 12:58:43,"HMISAdmin",,"LSAv8TestJul271308"
"FN123627","TRN146",41,,"XX501145227",2026-08-05,,2026-07-30 14:02:31,2026-07-30 14:02:31,"HMISAdmin",,"LSAv8TestJul271308"
"FN123628","TRN146",39,,"XX501145239",2026-08-05,,2026-07-30 14:02:31,2026-07-30 14:02:31,"HMISAdmin",,"LSAv8TestJul271308"
"FN123629","TRN146",40,,"XX501145240",2026-08-05,,2026-07-30 14:02:31,2026-07-30 14:02:31,"HMISAdmin",,"LSAv8TestJul271308"
"FN123630","TRN146",41,,"XX501145241",2026-08-05,,2026-07-30 14:02:31,2026-07-30 14:02:31,"HMISAdmin",,"LSAv8TestJul271308"
"FN123631","NBN171",52,,"XX501432152",2026-08-05,2025-08-03,2026-07-30 14:02:31,2026-07-30 14:02:31,"HMISAdmin",,"LSAv8TestJul271308"
"FN123633","NXS172",13,,"XX501987513",2026-08-05,2025-08-03,2026-07-30 14:02:31,2026-07-30 14:02:31,"HMISAdmin",,"LSAv8TestJul271308"
"FN123634","NXS173",18,,"XX501987618",2026-08-05,2025-08-03,2026-07-30 14:02:31,2026-07-30 14:02:31,"HMISAdmin",,"LSAv8TestJul271308"
"FN123635","PSH180",20,,"HOPWAPSH180",2022-08-05,,2023-07-25 10:09:56,2023-07-25 10:09:56,"HMISAdmin",,"LSAv8TestJul271308"
