ProjectCoCID,ProjectID,CoCCode,Geocode,Address1,Address2,City,State,ZIP,GeographyType,DateCreated,DateUpdated,UserID,DateDeleted,ExportID
49752550,1544,XX-500,391062,2 Anywhere Ave.,,Cincinnati,OH,45247,2,2014-01-01 20:54:48,2014-01-01 20:54:48,User1,,2022LSATestNov0311am
49752580,1557,XX-500,391062,12 Street St.,,Cincinnati,OH,45247,2,2016-10-01 22:56:34,2016-10-01 22:56:34,User1,,2022LSATestNov0311am
49752610,1559,XX-500,391062,55 Tree St.,,Cincinnati,OH,45247,2,2018-10-01 21:49:56,2018-10-01 21:49:56,User1,,2022LSATestNov0311am
49752640,1553,XX-500,391062,1 Coconut St.,,Cincinnati,OH,45247,2,2016-12-01 13:54:23,2016-12-01 13:54:23,User1,,2022LSATestNov0311am
49752680,1563,XX-500,391062,1 One St.,,Cincinnati,OH,45247,2,2017-07-01 15:50:36,2017-07-01 15:50:36,User1,,2022LSATestNov0311am
49752830,1548,XX-500,391062,1 Elrod St,,Amberley,OH,45247,2,2012-02-06 23:56:20,2012-02-06 23:56:20,User1,,2022LSATestNov0311am
49752860,1560,XX-500,391062,1 Plus St.,,Cincinnati,OH,45247,2,2004-04-01 18:27:35,2004-04-01 18:27:35,User1,,2022LSATestNov0311am
49752890,1550,XX-500,391062,1 Central St.,,Cincinnati,OH,45247,2,2010-11-01 19:25:45,2010-11-01 19:25:45,User1,,2022LSATestNov0311am
49752930,1554,XX-500,391062,1 Five St.,,Cincinnati,OH,45247,2,2019-06-01 18:22:49,2019-06-01 18:22:49,User1,,2022LSATestNov0311am
49753030,1555,XX-500,391062,2 Two St.,,Cincinnati,OH,45214,1,2018-07-31 15:19:50,2018-07-31 15:19:50,User1,,2022LSATestNov0311am
49753060,1562,XX-500,391062,3  Thirty St.,,Cincinnati,OH,45247,2,2018-07-31 16:29:40,2018-07-31 16:29:40,User1,,2022LSATestNov0311am
49753100,1558,XX-500,391062,123 Teal St.,,Cincinnati,OH,45247,2,2014-10-28 18:23:18,2014-10-28 18:23:18,User1,,2022LSATestNov0311am
49753130,1561,XX-500,391062,45 Yellow Ave.,,Cincinnati,OH,45247,2,1996-07-01 22:24:24,1996-07-01 22:24:24,User1,,2022LSATestNov0311am
49753160,1551,XX-500,391062,23 Rain Ave.,,Cincinnati,OH,45247,2,2007-09-01 13:38:10,2007-09-01 13:38:10,User1,,2022LSATestNov0311am
49753200,1552,XX-500,391062,123 Anywhere Ave.,,Anytown,TX,12345,2,2018-10-01 19:34:20,2018-10-01 19:34:20,User1,,2022LSATestNov0311am
49753220,1556,XX-500,391062,123 Anywhere St.,,Cincinnati,OH,45247,2,2021-07-01 17:47:52,2021-07-01 17:47:52,User1,,2022LSATestNov0311am
49753280,1546,XX-500,391062,1 Orange Rd.,,Cincinnati,OH,45247,2,2020-10-01 13:11:16,2020-10-01 13:11:16,User1,,2022LSATestNov0311am
4975419,1547,XX-501,391061,123 Totally Different Ave,,Cincinnati,OH,12345,1,2018-05-01 17:45:48,2018-05-01 17:45:48,User1,,2022LSATestNov0311am
49754190,1547,XX-500,391062,123 Anywho,,Cincinnati,OH,45206,1,2018-05-01 17:45:48,2018-05-01 17:45:48,User1,,2022LSATestNov0311am
