UserID,UserFirstName,UserLastName,UserPhone,UserExtension,UserEmail,DateCreated,DateUpdated,DateDeleted,ExportID
8,Some,User,5555555555,,,2019-10-08 17:24:15,2022-03-10 16:50:22,,E79AAC483B90809B4FDFFB272AA252BD
882,Some,User,5555555555,,,2019-10-08 17:24:15,2022-04-25 10:21:26,,E79AAC483B90809B4FDFFB272AA252BD
887,Some,User,5555555555,,,2000-01-01 00:00:00,2022-04-27 15:21:46,,E79AAC483B90809B4FDFFB272AA252BD
889,Some,User,5555555555,,,2021-06-21 12:38:01,2022-04-01 11:07:06,,E79AAC483B90809B4FDFFB272AA252BD
891,Some,User,5555555555,,,2019-12-09 13:06:22,2022-04-01 13:43:49,,E79AAC483B90809B4FDFFB272AA252BD
