HMISParticipationID,ProjectID,HMISParticipationType,HMISParticipationStatusStartDate,HMISParticipationStatusEndDate,DateCreated,DateUpdated,UserID,DateDeleted,ExportID
"HP123456","RRH121",1,"2015-11-05",,"2026-07-30 14:02:31","2026-07-30 14:02:31",,,607271242
"HP123457","RRH122",1,"2017-08-02",,"2026-07-30 14:02:31","2026-07-30 14:02:31",,,607271242
"HP123458","RRH123",1,"2017-08-02",,"2026-07-30 14:02:31","2026-07-30 14:02:31",,,607271242
"HP123459","RRH124",1,"2017-08-02",,"2026-07-30 14:02:31","2026-07-30 14:02:31",,,607271242
"HP123460","NXS116",1,"2012-11-05",,"2026-07-30 14:02:31","2026-07-30 14:02:31",,,607271242
"HP123461","NXS127",1,"2017-11-10",,"2026-07-30 14:02:31","2026-07-30 14:02:31",,,607271242
"HP123463","NXS129",1,"2018-01-20",,"2026-07-30 14:02:31","2026-07-30 14:02:31",,,607271242
"HP123464","RRH126",1,"2017-11-04",,"2026-07-30 14:02:31","2026-07-30 14:02:31",,,607271242
"HP123466","RRH131",1,"2019-07-20",,"2026-07-30 14:02:31","2026-07-30 14:02:31",,,607271242
"HP123467","RRH132",1,"2019-11-02",,"2026-07-30 14:02:31","2026-07-30 14:02:31",,,607271242
"HP123468","RRH133",1,"2019-11-29",,"2026-07-30 14:02:31","2026-07-30 14:02:31",,,607271242
"HP123470","NXS135",1,"2020-01-24",,"2026-07-30 14:02:31","2026-07-30 14:02:31",,,607271242
"HP123473","HAV137",1,"2020-08-05","2026-07-20","2026-07-30 14:02:31","2026-07-30 14:02:31",,,607271242
"HP123474","NXS138",1,"2020-08-05",,"2026-07-30 14:02:31","2026-07-30 14:02:31",,,607271242
"HP123476","RRH143",1,"2020-11-05",,"2026-07-30 14:02:31","2026-07-30 14:02:31",,,607271242
"HP123477","RRH140",1,"2020-10-30",,"2026-07-30 14:02:31","2026-07-30 14:02:31",,,607271242
"HP123478","RRH141",1,"2020-11-05",,"2026-07-30 14:02:31","2026-07-30 14:02:31",,,607271242
"HP123480","TRN146",1,"2021-08-04",,"2026-07-30 14:02:31","2026-07-30 14:02:31",,,607271242
"HP123481","NXS147",1,"2021-10-02",,"2026-07-30 14:02:31","2026-07-30 14:02:31",,,607271242
"HP123482","PSH148",1,"2021-11-04",,"2026-07-30 14:02:31","2026-07-30 14:02:31",,,607271242
"HP123483","RRH149",1,"2021-11-04",,"2026-07-30 14:02:31","2026-07-30 14:02:31",,,607271242
"HP123484","PSH120",1,"2015-08-09",,"2026-07-30 14:02:31","2026-07-30 14:02:31",,,607271242
"HP123485","NXS151",1,"2021-11-24",,"2026-07-30 14:02:31","2026-07-30 14:02:31",,,607271242
"HP123486","RSO152",1,"2022-04-14",,"2026-07-30 14:02:31","2026-07-30 14:02:31",,,607271242
"HP123487","RRH153",1,"2022-07-06",,"2026-07-30 14:02:31","2026-07-30 14:02:31",,,607271242
"HP123489","OPH115",1,"2012-09-02",,"2026-07-30 14:02:31","2026-07-30 14:02:31",,,607271242
"HP123490","RRH154",1,"2022-11-05",,"2026-07-30 14:02:31","2026-07-30 14:02:31",,,607271242
"HP123491","RRH155",1,"2023-01-03",,"2026-07-30 14:02:31","2026-07-30 14:02:31",,,607271242
"HP123492","RRH156",1,"2023-01-03",,"2026-07-30 14:02:31","2026-07-30 14:02:31",,,607271242
"HP123493","RRH157",1,"2023-01-03",,"2026-07-30 14:02:31","2026-07-30 14:02:31",,,607271242
"HP123494","RRH158",1,"2023-01-03",,"2026-07-30 14:02:31","2026-07-30 14:02:31",,,607271242
"HP123495","RRH159",1,"2023-01-03",,"2026-07-30 14:02:31","2026-07-30 14:02:31",,,607271242
"HP123496","RRH160",1,"2023-01-03",,"2026-07-30 14:02:31","2026-07-30 14:02:31",,,607271242
"HP123497","RRH161",1,"2023-01-03",,"2026-07-30 14:02:31","2026-07-30 14:02:31",,,607271242
"HP123500","PSH164",1,"2023-11-24",,"2026-07-30 14:02:31","2026-07-30 14:02:31",,,607271242
"HP123501","PSH165",1,"2023-12-10",,"2026-07-30 14:02:31","2026-07-30 14:02:31",,,607271242
"HP123505","RRH169",1,"2026-05-04",,"2026-07-30 14:02:31","2026-07-30 14:02:31",,,607271242
"HP123506","RRH170",1,"2025-04-04",,"2026-07-30 14:02:31","2026-07-30 14:02:31",,,607271242
"HP123507","NXS103",1,"2004-07-01",,"2026-07-30 14:02:31","2026-07-30 14:02:31",,,607271242
"HP123508","TRN104",1,"2004-12-29",,"2026-07-30 14:02:31","2026-07-30 14:02:31",,,607271242
"HP123509","NXS106",1,"2005-12-24",,"2026-07-30 14:02:31","2026-07-30 14:02:31",,,607271242
"HP123510","NXS107",1,"2006-06-07",,"2026-07-30 14:02:31","2026-07-30 14:02:31",,,607271242
"HP123511","NXS108",1,"2006-06-07",,"2026-07-30 14:02:31","2026-07-30 14:02:31",,,607271242
"HP123513","NXS109",1,"2008-01-03",,"2026-07-30 14:02:31","2026-07-30 14:02:31",,,607271242
"HP123514","NXS110",1,"2009-01-26",,"2026-07-30 14:02:31","2026-07-30 14:02:31",,,607271242
"HP123515","NXS112",1,"2010-02-21",,"2026-07-30 14:02:31","2026-07-30 14:02:31",,,607271242
"HP123516","NXS111",1,"2010-01-21",,"2026-07-30 14:02:31","2026-07-30 14:02:31",,,607271242
"HP123517","NXS113",1,"2011-07-21",,"2026-07-30 14:02:31","2026-07-30 14:02:31",,,607271242
"HP123518","TRN117",1,"2013-06-16",,"2026-07-30 14:02:31","2026-07-30 14:02:31",,,607271242
"HP123519","TRN118",1,"2013-11-17",,"2026-07-30 14:02:31","2026-07-30 14:02:31",,,607271242
"HP123520","NBN105",1,"2005-08-29",,"2026-07-30 14:02:31","2026-07-30 14:02:31",,,607271242
"HP123521","NXS114",1,"2012-08-04",,"2026-07-30 14:02:31","2026-07-30 14:02:31",,,607271242
"HP123522","NXS102",1,"2004-05-15",,"2026-07-30 14:02:31","2026-07-30 14:02:31",,,607271242
"HP123523","PSH119",1,"2015-01-08",,"2026-07-30 14:02:31","2026-07-30 14:02:31",,,607271242
"HP123525","NBN171",0,"2026-08-05",,"2026-07-30 14:02:31","2026-07-30 14:02:31",,,607271242
"HP123526","NXS173",2,"2026-08-05",,"2026-07-30 14:02:31","2026-07-30 14:02:31",,,607271242
"HP123529","PSH180",1,"2022-08-05",,"2023-07-25 10:09:56","2023-07-25 10:09:56",,,607271242
