"AssessmentID","EnrollmentID","PersonalID","AssessmentDate","AssessmentLocation","AssessmentType","AssessmentLevel","PrioritizationStatus","DateCreated","DateUpdated","UserID","DateDeleted","ExportID"
"4773723","181426","78383",2021-06-18,"Agency Four",3,1,2,2021-09-02 00:00:00,2021-09-02 00:00:00,"891",,"E56FAFF7FDAF2D7A112E1213095E69CB"
"4773743","181421","78375",2021-07-30,"Agency Three",2,1,2,2021-09-22 00:00:00,2021-09-22 00:00:00,"8",,"E56FAFF7FDAF2D7A112E1213095E69CB"
"4773750","181435","78398",2021-07-01,"Agency Three",1,1,2,2021-09-22 00:00:00,2021-09-22 00:00:00,"8",,"E56FAFF7FDAF2D7A112E1213095E69CB"
"4773751","181431","78391",2021-05-12,"Agency Four",2,1,2,2021-09-22 00:00:00,2021-09-22 00:00:00,"8",,"E56FAFF7FDAF2D7A112E1213095E69CB"
"4773753","181444","78407",2021-06-08,"Agency Two",1,2,2,2021-09-22 00:00:00,2021-09-22 00:00:00,"8",,"E56FAFF7FDAF2D7A112E1213095E69CB"
