"AssessmentID","EnrollmentID","PersonalID","AssessmentDate","AssessmentLocation","AssessmentType","AssessmentLevel","PrioritizationStatus","DateCreated","DateUpdated","UserID","DateDeleted","ExportID"
"4773723","181426","76781",2021-06-18,"Agency Four",3,1,2,2021-09-02 00:00:00,2021-09-02 00:00:00,"891",,"B6F49CC51E4BE01EE7447E9FCF0F6C6C"
"4773743","181421","76774",2021-07-30,"Agency Three",2,1,2,2021-09-22 00:00:00,2021-09-22 00:00:00,"8",,"B6F49CC51E4BE01EE7447E9FCF0F6C6C"
"4773750","181435","76797",2021-07-01,"Agency Three",1,1,2,2021-09-22 00:00:00,2021-09-22 00:00:00,"8",,"B6F49CC51E4BE01EE7447E9FCF0F6C6C"
"4773751","181431","76789",2021-05-12,"Agency Four",2,1,2,2021-09-22 00:00:00,2021-09-22 00:00:00,"8",,"B6F49CC51E4BE01EE7447E9FCF0F6C6C"
"4773753","181444","76806",2021-06-08,"Agency Two",1,2,2,2021-09-22 00:00:00,2021-09-22 00:00:00,"8",,"B6F49CC51E4BE01EE7447E9FCF0F6C6C"
