"UserID","UserFirstName","UserLastName","UserPhone","UserExtension","UserEmail","DateCreated","DateUpdated","DateDeleted","ExportID"
"8","Some","User","5555555555","","",2019-10-08 17:24:15,2021-11-17 11:47:11,,"B6F49CC51E4BE01EE7447E9FCF0F6C6C"
"882","Some","User","5555555555","","",2019-10-08 17:24:15,2021-09-28 17:44:50,,"B6F49CC51E4BE01EE7447E9FCF0F6C6C"
"887","Some","User","5555555555","","",2000-01-01 00:00:00,2021-08-17 09:45:00,,"B6F49CC51E4BE01EE7447E9FCF0F6C6C"
"889","Some","User","5555555555","","",2021-06-21 12:38:01,2021-08-20 13:53:10,,"B6F49CC51E4BE01EE7447E9FCF0F6C6C"
"891","Some","User","5555555555","","",2019-12-09 13:06:22,2021-11-16 09:33:10,,"B6F49CC51E4BE01EE7447E9FCF0F6C6C"
