"UserID","UserFirstName","UserLastName","UserPhone","UserExtension","UserEmail","DateCreated","DateUpdated","DateDeleted","ExportID"
"8","Some","User","5555555555","","",2019-10-08 17:24:15,2021-11-17 11:47:11,,"E56FAFF7FDAF2D7A112E1213095E69CB"
"882","Some","User","5555555555","","",2019-10-08 17:24:15,2021-09-28 17:44:50,,"E56FAFF7FDAF2D7A112E1213095E69CB"
"887","Some","User","5555555555","","",2000-01-01 00:00:00,2021-12-02 12:43:42,,"E56FAFF7FDAF2D7A112E1213095E69CB"
"889","Some","User","5555555555","","",2021-06-21 12:38:01,2021-11-18 16:06:56,,"E56FAFF7FDAF2D7A112E1213095E69CB"
"891","Some","User","5555555555","","",2019-12-09 13:06:22,2021-11-16 09:33:10,,"E56FAFF7FDAF2D7A112E1213095E69CB"
