ExportID,SourceType,SourceID,SourceName,SourceContactFirst,SourceContactLast,SourceContactPhone,SourceContactExtension,SourceContactEmail,ExportDate,ExportStartDate,ExportEndDate,SoftwareName,SoftwareVersion,CSVVersion,ExportPeriodType,ExportDirective,HashStatus,ImplementationID
"412191109",1,"XX-501","Square Peg HMIS","Molly","McEvilley","","","molly@squarepegdata.com",2025-10-23 11:09:23,2013-08-05,2025-10-23,"LSA Online","1","2024 v1.4",3,2,1,"SQUAREPEG1234"
"FY2025LSATestJul191204",1,"XX-501","Square Peg HMIS","Molly","McEvilley","","","molly@squarepegdata.com",2025-07-19 12:04:06,2017-08-01,2025-07-31,"LSA Online","1","2026 v1.0",3,2,1,"SQUAREPEG1234"
"FY2025LSATestJul191207",1,"XX-501","Square Peg HMIS","Molly","McEvilley","","","molly@squarepegdata.com",2025-07-19 12:07:33,2017-08-01,2025-07-31,"LSA Online","1","2026 v1.0",3,2,1,"SQUAREPEG1234"
"FY2025LSATestAug071346",1,"XX-501","Square Peg HMIS","Molly","McEvilley","","","molly@squarepegdata.com",2025-08-07 13:46:59,2017-08-01,2025-07-31,"LSA Online","1","2026 v1.0",3,2,1,"SQUAREPEG1234"
"FY2025LSATestAug071355",1,"XX-501","Square Peg HMIS","Molly","McEvilley","","","molly@squarepegdata.com",2025-08-07 13:55:54,2017-08-01,2025-07-31,"LSA Online","1","2026 v1.0",3,2,1,"SQUAREPEG1234"
"FY2025LSATestAug071400",1,"XX-501","Square Peg HMIS","Molly","McEvilley","","","molly@squarepegdata.com",2025-08-07 14:00:09,2017-08-01,2025-07-31,"LSA Online","1","2026 v1.0",3,2,1,"SQUAREPEG1234"
"FY2025LSATestAug071403",1,"XX-501","Square Peg HMIS","Molly","McEvilley","","","molly@squarepegdata.com",2025-08-07 14:03:08,2017-08-01,2025-07-31,"LSA Online","1","2026 v1.0",3,2,1,"SQUAREPEG1234"
"FY2025LSATestAug071421",1,"XX-501","Square Peg HMIS","Molly","McEvilley","","","molly@squarepegdata.com",2025-08-07 14:21:35,2017-08-01,2025-07-31,"LSA Online","1","2026 v1.0",3,2,1,"SQUAREPEG1234"
"FY2025LSATestAug071441",1,"XX-501","Square Peg HMIS","Molly","McEvilley","","","molly@squarepegdata.com",2025-08-07 14:41:16,2017-08-01,2025-07-31,"LSA Online","1","2026 v1.0",3,2,1,"SQUAREPEG1234"
"FY2025LSATestSep252011",1,"XX-501","Square Peg HMIS","Molly","McEvilley","","","molly@squarepegdata.com",2025-09-25 20:11:01,2017-08-01,2025-07-31,"LSA Online","1","2026 v1.0",3,2,1,"SQUAREPEG1234"
"FY2025LSATestSep281424",1,"XX-501","Square Peg HMIS","Molly","McEvilley","","","molly@squarepegdata.com",2025-09-28 14:24:40,2017-08-01,2025-07-31,"LSA Online","1","2026 v1.0",3,2,1,"SQUAREPEG1234"
"FY2025LSATestSep301140",1,"XX-501","Square Peg HMIS","Molly","McEvilley","","","molly@squarepegdata.com",2025-09-30 11:40:33,2017-08-01,2025-07-31,"LSA Online","1","2026 v1.0",3,2,1,"SQUAREPEG1234"
"FY2025LSATestSep301147",1,"XX-501","Square Peg HMIS","Molly","McEvilley","","","molly@squarepegdata.com",2025-09-30 11:47:11,2017-08-01,2025-07-31,"LSA Online","1","2026 v1.0",3,2,1,"SQUAREPEG1234"
"FY2025LSATestAug071424",1,"XX-501","Square Peg HMIS","Molly","McEvilley","","","molly@squarepegdata.com",2025-08-07 14:24:59,2017-08-01,2025-07-31,"LSA Online","1","2026 v1.0",3,2,1,"SQUAREPEG1234"
"FY2025LSATestSep261113",1,"XX-501","Square Peg HMIS","Molly","McEvilley","","","molly@squarepegdata.com",2025-09-26 11:13:46,2017-08-01,2025-07-31,"LSA Online","1","2026 v1.0",3,2,1,"SQUAREPEG1234"
"FY2025LSATestAug071425",1,"XX-501","Square Peg HMIS","Molly","McEvilley","","","molly@squarepegdata.com",2025-08-07 14:25:30,2017-08-01,2025-07-31,"LSA Online","1","2026 v1.0",3,2,1,"SQUAREPEG1234"
"FY2025LSATestAug071427",1,"XX-501","Square Peg HMIS","Molly","McEvilley","","","molly@squarepegdata.com",2025-08-07 14:27:48,2017-08-01,2025-07-31,"LSA Online","1","2026 v1.0",3,2,1,"SQUAREPEG1234"
