OrganizationID,OrganizationName,VictimServiceProvider,OrganizationCommonName,DateCreated,DateUpdated,UserID,DateDeleted,ExportID
"C11","Caring Connections",0,,2003-04-24 16:46:41,2023-03-22 11:23:09,"HMISAdmin",,"FY2025LSATestSep281424"
"C32","Compassionate Community",0,,2023-03-01 06:52:13,2023-03-01 06:55:05,"HMISAdmin",,"FY2025LSATestSep281424"
"D12","Dream Defenders",0,,2004-03-05 15:24:10,2020-08-15 11:16:01,"HMISAdmin",,"FY2025LSATestSep281424"
"D33","Dynamic Dreams",0,,2023-03-03 07:37:40,2023-03-03 07:40:49,"HMISAdmin",,"FY2025LSATestSep281424"
"F14","Friendly Futures",0,,2005-06-07 10:05:29,2020-11-12 12:31:49,"HMISAdmin",,"FY2025LSATestSep281424"
"G15","Green Guardians",0,,2005-06-07 17:14:40,2020-08-15 11:19:53,"HMISAdmin",,"FY2025LSATestSep281424"
"H16","Hope Harbor",0,,2007-01-09 11:43:27,2020-08-15 11:34:19,"HMISAdmin",,"FY2025LSATestSep281424"
"H34","Harmonious Hopes",0,,2023-04-06 10:36:13,2023-04-06 10:39:59,"HMISAdmin",,"FY2025LSATestSep281424"
"I35","Inspired Ideas",0,,2024-06-19 13:41:15,2024-07-30 13:04:34,"HMISAdmin",,"FY2025LSATestSep281424"
"J17","Joyful Journeys",0,,2007-05-04 14:52:18,2020-08-15 11:22:18,"HMISAdmin",,"FY2025LSATestSep281424"
"J36","Just Journeys",0,,2025-07-30 14:02:31,2025-07-30 14:02:31,"HMISAdmin",,"FY2025LSATestSep281424"
"K18","Kindness Keepers",0,,2008-01-26 12:50:21,2020-08-15 11:21:16,"HMISAdmin",,"FY2025LSATestSep281424"
"L19","Loving Lifelines",0,,2013-12-29 16:21:22,2020-08-15 11:40:05,"HMISAdmin",,"FY2025LSATestSep281424"
"L37","Lasting Legacies",1,,2025-07-30 14:02:31,2025-07-30 14:02:31,"HMISAdmin",,"FY2025LSATestSep281424"
"M13","Motivated Minds",0,,2004-12-24 15:05:42,2023-12-08 12:38:22,"HMISAdmin",,"FY2025LSATestSep281424"
"M20","Mindful Mentors",0,,2016-04-09 11:16:22,2022-02-05 09:04:24,"HMISAdmin",,"FY2025LSATestSep281424"
"N21","Neighborly Network",0,,2017-03-10 10:55:17,2020-10-03 17:23:39,"HMISAdmin",,"FY2025LSATestSep281424"
"N30","Nurturing Nature",0,,2022-05-28 16:01:17,2022-08-23 09:49:50,"HMISAdmin",,"FY2025LSATestSep281424"
"P22","Peaceful Projects",0,,2018-05-10 14:12:19,2020-07-10 14:56:06,"HMISAdmin",,"FY2025LSATestSep281424"
"Q23","Quality Quest",0,,2018-05-10 15:28:15,2020-07-09 14:39:07,"HMISAdmin",,"FY2025LSATestSep281424"
"R24","Resourceful Roots",0,,2018-05-10 15:31:01,2020-07-09 16:07:40,"HMISAdmin",,"FY2025LSATestSep281424"
"S25","Safe Spaces",0,,2018-11-02 10:20:16,2023-10-13 17:51:21,"HMISAdmin",,"FY2025LSATestSep281424"
"T26","Team Together",0,,2018-11-21 07:41:52,2020-09-04 11:27:21,"HMISAdmin",,"FY2025LSATestSep281424"
"U27","United Uplift",0,,2019-08-30 10:34:29,2021-11-19 10:38:32,"HMISAdmin",,"FY2025LSATestSep281424"
"V28","Visionary Village",0,,2021-05-05 10:38:34,2021-06-26 14:49:53,"HMISAdmin",,"FY2025LSATestSep281424"
"W29","Wellness Wings",0,,2022-05-18 17:34:25,2022-08-23 09:56:24,"HMISAdmin",,"FY2025LSATestSep281424"
"Z31","Zealous Zest",0,,2022-12-10 14:59:53,2023-06-14 16:21:21,"HMISAdmin",,"FY2025LSATestSep281424"
